USER_ID,ATTENDANCE_ID,TRANSFER_ID,YEAR,MONTH,MMK_AMOUNT,JPY_AMOUNT,PAID_AT
'2','1',null,'2016','june','50000.0','0.0',null
'2','1',null,'2016','june','50000.0','0.0',null
'2','1',null,'2016','july','50000.0','0.0',null
'2','1',null,'2016','august','50000.0','0.0',null
'2','1',null,'2016','september','50000.0','0.0',null
'2','1',null,'2016','october','50000.0','0.0',null
'2','1',null,'2016','november','50000.0','0.0',null
'2','1',null,'2016','october','50000.0','0.0',null
'2','1',null,'2016','november','50000.0','0.0',null
'2','1',null,'2016','december','50000.0','0.0',null
'2','1',null,'2017','january','50000.0','0.0',null
'2','1',null,'2017','february','50000.0','0.0',null
'2','1',null,'2017','march','50000.0','0.0',null
'3','2',null,'2016','june','30000.0','0.0',null
'3','2',null,'2016','july','30000.0','0.0',null
'3','2',null,'2016','august','30000.0','0.0',null
'3','2',null,'2016','september','30000.0','0.0',null
'3','2',null,'2016','october','30000.0','0.0',null
'3','2',null,'2016','november','30000.0','0.0',null
'3','2',null,'2016','october','30000.0','0.0',null
'3','2',null,'2016','november','30000.0','0.0',null
'3','2',null,'2016','december','30000.0','0.0',null
'3','2',null,'2017','january','30000.0','0.0',null
'3','2',null,'2017','february','30000.0','0.0',null
'3','2',null,'2017','march','30000.0','0.0',null
'4','3',null,'2016','june','30000.0','0.0',null
'4','3',null,'2016','july','30000.0','0.0',null
'4','3',null,'2016','august','30000.0','0.0',null
'4','3',null,'2016','september','30000.0','0.0',null
'4','3',null,'2016','october','30000.0','0.0',null
'4','3',null,'2016','november','30000.0','0.0',null
'4','3',null,'2016','october','30000.0','0.0',null
'4','3',null,'2016','november','30000.0','0.0',null
'4','3',null,'2016','december','30000.0','0.0',null
'4','3',null,'2017','january','30000.0','0.0',null
'4','3',null,'2017','february','30000.0','0.0',null
'4','3',null,'2017','march','30000.0','0.0',null
'5','4',null,'2016','june','30000.0','0.0',null
'5','4',null,'2016','july','30000.0','0.0',null
'5','4',null,'2016','august','30000.0','0.0',null
'5','4',null,'2016','september','30000.0','0.0',null
'5','4',null,'2016','october','30000.0','0.0',null
'5','4',null,'2016','november','30000.0','0.0',null
'5','4',null,'2016','october','30000.0','0.0',null
'5','4',null,'2016','november','30000.0','0.0',null
'5','4',null,'2016','december','30000.0','0.0',null
'5','4',null,'2017','january','30000.0','0.0',null
'5','4',null,'2017','february','30000.0','0.0',null
'5','4',null,'2017','march','30000.0','0.0',null
'6','5',null,'2016','june','30000.0','0.0',null
'6','5',null,'2016','july','30000.0','0.0',null
'6','5',null,'2016','august','30000.0','0.0',null
'6','5',null,'2016','september','30000.0','0.0',null
'6','5',null,'2016','october','30000.0','0.0',null
'6','5',null,'2016','november','30000.0','0.0',null
'6','5',null,'2016','october','30000.0','0.0',null
'6','5',null,'2016','november','30000.0','0.0',null
'6','5',null,'2016','december','30000.0','0.0',null
'6','5',null,'2017','january','30000.0','0.0',null
'6','5',null,'2017','february','30000.0','0.0',null
'6','5',null,'2017','march','30000.0','0.0',null
'7','6',null,'2016','june','30000.0','0.0',null
'7','6',null,'2016','july','30000.0','0.0',null
'7','6',null,'2016','august','30000.0','0.0',null
'7','6',null,'2016','september','30000.0','0.0',null
'7','6',null,'2016','october','30000.0','0.0',null
'7','6',null,'2016','november','30000.0','0.0',null
'7','6',null,'2016','october','30000.0','0.0',null
'7','6',null,'2016','november','30000.0','0.0',null
'7','6',null,'2016','december','30000.0','0.0',null
'7','6',null,'2017','january','30000.0','0.0',null
'7','6',null,'2017','february','30000.0','0.0',null
'7','6',null,'2017','march','30000.0','0.0',null
'8','7',null,'2016','june','30000.0','0.0',null
'8','7',null,'2016','july','30000.0','0.0',null
'8','7',null,'2016','august','30000.0','0.0',null
'8','7',null,'2016','september','30000.0','0.0',null
'8','7',null,'2016','october','30000.0','0.0',null
'8','7',null,'2016','november','30000.0','0.0',null
'8','7',null,'2016','october','30000.0','0.0',null
'8','7',null,'2016','november','30000.0','0.0',null
'8','7',null,'2016','december','30000.0','0.0',null
'8','7',null,'2017','january','30000.0','0.0',null
'8','7',null,'2017','february','30000.0','0.0',null
'9','8',null,'2016','june','30000.0','0.0',null
'9','8',null,'2016','july','30000.0','0.0',null
'9','8',null,'2016','august','30000.0','0.0',null
'9','8',null,'2016','september','30000.0','0.0',null
'9','8',null,'2016','october','30000.0','0.0',null
'9','8',null,'2016','november','30000.0','0.0',null
'9','8',null,'2016','october','30000.0','0.0',null
'9','8',null,'2016','november','30000.0','0.0',null
'9','8',null,'2016','december','30000.0','0.0',null
'9','8',null,'2017','january','30000.0','0.0',null
'9','8',null,'2017','february','30000.0','0.0',null
'10','9',null,'2016','june','30000.0','0.0',null
'10','9',null,'2016','july','30000.0','0.0',null
'10','9',null,'2016','august','30000.0','0.0',null
'10','9',null,'2016','september','30000.0','0.0',null
'10','9',null,'2016','october','30000.0','0.0',null
'10','9',null,'2016','november','30000.0','0.0',null
'10','9',null,'2016','october','30000.0','0.0',null
'10','9',null,'2016','november','30000.0','0.0',null
'10','9',null,'2016','december','30000.0','0.0',null
'10','9',null,'2017','january','30000.0','0.0',null
'10','9',null,'2017','february','30000.0','0.0',null
'10','9',null,'2017','march','30000.0','0.0',null
'11','10',null,'2016','june','30000.0','0.0',null
'11','10',null,'2016','july','30000.0','0.0',null
'11','10',null,'2016','august','30000.0','0.0',null
'11','10',null,'2016','september','30000.0','0.0',null
'11','10',null,'2016','october','30000.0','0.0',null
'11','10',null,'2016','november','30000.0','0.0',null
'11','10',null,'2016','october','30000.0','0.0',null
'11','10',null,'2016','november','30000.0','0.0',null
'11','10',null,'2016','december','30000.0','0.0',null
'11','10',null,'2017','january','30000.0','0.0',null
'11','10',null,'2017','february','30000.0','0.0',null
'12','11',null,'2016','june','30000.0','0.0',null
'12','11',null,'2016','july','30000.0','0.0',null
'12','11',null,'2016','august','30000.0','0.0',null
'12','11',null,'2016','september','30000.0','0.0',null
'12','11',null,'2016','october','30000.0','0.0',null
'12','11',null,'2016','november','30000.0','0.0',null
'12','11',null,'2016','october','30000.0','0.0',null
'12','11',null,'2016','november','30000.0','0.0',null
'12','11',null,'2016','december','30000.0','0.0',null
'12','11',null,'2017','january','30000.0','0.0',null
'12','11',null,'2017','february','30000.0','0.0',null
'13','12',null,'2016','june','30000.0','0.0',null
'13','12',null,'2016','july','30000.0','0.0',null
'13','12',null,'2016','august','30000.0','0.0',null
'13','12',null,'2016','september','30000.0','0.0',null
'13','12',null,'2016','october','30000.0','0.0',null
'13','12',null,'2016','november','30000.0','0.0',null
'13','12',null,'2016','october','30000.0','0.0',null
'13','12',null,'2016','november','30000.0','0.0',null
'13','12',null,'2016','december','30000.0','0.0',null
'13','12',null,'2017','january','30000.0','0.0',null
'13','12',null,'2017','february','30000.0','0.0',null
'14','13',null,'2016','june','30000.0','0.0',null
'14','13',null,'2016','july','30000.0','0.0',null
'14','13',null,'2016','august','30000.0','0.0',null
'14','13',null,'2016','september','30000.0','0.0',null
'14','13',null,'2016','october','30000.0','0.0',null
'14','13',null,'2016','november','30000.0','0.0',null
'14','13',null,'2016','october','30000.0','0.0',null
'14','13',null,'2016','november','30000.0','0.0',null
'14','13',null,'2016','december','30000.0','0.0',null
'14','13',null,'2017','january','30000.0','0.0',null
'14','13',null,'2017','february','30000.0','0.0',null
'15','14',null,'2016','june','30000.0','0.0',null
'15','14',null,'2016','july','30000.0','0.0',null
'15','14',null,'2016','august','30000.0','0.0',null
'15','14',null,'2016','september','30000.0','0.0',null
'15','14',null,'2016','october','30000.0','0.0',null
'15','14',null,'2016','november','30000.0','0.0',null
'15','14',null,'2016','october','30000.0','0.0',null
'15','14',null,'2016','november','30000.0','0.0',null
'15','14',null,'2016','december','30000.0','0.0',null
'15','14',null,'2017','january','30000.0','0.0',null
'15','14',null,'2017','february','30000.0','0.0',null
'15','14',null,'2017','march','30000.0','0.0',null
'16','15',null,'2016','june','30000.0','0.0',null
'16','15',null,'2016','july','30000.0','0.0',null
'16','15',null,'2016','august','30000.0','0.0',null
'16','15',null,'2016','september','30000.0','0.0',null
'16','15',null,'2016','october','30000.0','0.0',null
'16','15',null,'2016','november','30000.0','0.0',null
'16','15',null,'2016','october','30000.0','0.0',null
'16','15',null,'2016','november','30000.0','0.0',null
'16','15',null,'2016','december','30000.0','0.0',null
'16','15',null,'2017','january','30000.0','0.0',null
'16','15',null,'2017','february','30000.0','0.0',null
'29','16',null,'2016','june','30000.0','0.0',null
'29','16',null,'2016','july','30000.0','0.0',null
'29','16',null,'2016','august','30000.0','0.0',null
'29','16',null,'2016','september','30000.0','0.0',null
'29','16',null,'2016','october','30000.0','0.0',null
'29','16',null,'2016','november','30000.0','0.0',null
'29','16',null,'2016','october','30000.0','0.0',null
'29','16',null,'2016','november','30000.0','0.0',null
'29','16',null,'2016','december','30000.0','0.0',null
'29','16',null,'2017','january','30000.0','0.0',null
'29','16',null,'2017','february','30000.0','0.0',null
'17','17',null,'2016','june','30000.0','0.0',null
'17','17',null,'2016','july','30000.0','0.0',null
'17','17',null,'2016','august','30000.0','0.0',null
'17','17',null,'2016','september','30000.0','0.0',null
'17','17',null,'2016','october','30000.0','0.0',null
'17','17',null,'2016','november','30000.0','0.0',null
'17','17',null,'2016','october','30000.0','0.0',null
'17','17',null,'2016','november','30000.0','0.0',null
'17','17',null,'2016','december','30000.0','0.0',null
'17','17',null,'2017','january','30000.0','0.0',null
'17','17',null,'2017','february','30000.0','0.0',null
'17','17',null,'2017','march','30000.0','0.0',null
'18','18',null,'2016','june','30000.0','0.0',null
'18','18',null,'2016','july','30000.0','0.0',null
'18','18',null,'2016','august','30000.0','0.0',null
'18','18',null,'2016','september','30000.0','0.0',null
'18','18',null,'2016','october','30000.0','0.0',null
'18','18',null,'2016','november','30000.0','0.0',null
'18','18',null,'2016','october','30000.0','0.0',null
'18','18',null,'2016','november','30000.0','0.0',null
'18','18',null,'2016','december','30000.0','0.0',null
'18','18',null,'2017','january','30000.0','0.0',null
'18','18',null,'2017','february','30000.0','0.0',null
'19','19',null,'2016','june','30000.0','0.0',null
'19','19',null,'2016','july','30000.0','0.0',null
'19','19',null,'2016','august','30000.0','0.0',null
'19','19',null,'2016','september','30000.0','0.0',null
'19','19',null,'2016','october','30000.0','0.0',null
'19','19',null,'2016','november','30000.0','0.0',null
'19','19',null,'2016','october','30000.0','0.0',null
'19','19',null,'2016','november','30000.0','0.0',null
'19','19',null,'2016','december','30000.0','0.0',null
'19','19',null,'2017','january','30000.0','0.0',null
'19','19',null,'2017','february','30000.0','0.0',null
'19','19',null,'2017','march','30000.0','0.0',null
'20','20',null,'2016','june','30000.0','0.0',null
'20','20',null,'2016','july','30000.0','0.0',null
'20','20',null,'2016','august','30000.0','0.0',null
'20','20',null,'2016','september','30000.0','0.0',null
'20','20',null,'2016','october','30000.0','0.0',null
'20','20',null,'2016','november','30000.0','0.0',null
'20','20',null,'2016','october','30000.0','0.0',null
'20','20',null,'2016','november','30000.0','0.0',null
'20','20',null,'2016','december','30000.0','0.0',null
'20','20',null,'2017','january','30000.0','0.0',null
'20','20',null,'2017','february','30000.0','0.0',null
'20','20',null,'2017','march','30000.0','0.0',null
'21','21',null,'2016','june','30000.0','0.0',null
'21','21',null,'2016','july','30000.0','0.0',null
'21','21',null,'2016','august','30000.0','0.0',null
'21','21',null,'2016','september','30000.0','0.0',null
'21','21',null,'2016','october','30000.0','0.0',null
'21','21',null,'2016','november','30000.0','0.0',null
'21','21',null,'2016','october','30000.0','0.0',null
'21','21',null,'2016','november','30000.0','0.0',null
'21','21',null,'2016','december','30000.0','0.0',null
'21','21',null,'2017','january','30000.0','0.0',null
'21','21',null,'2017','february','30000.0','0.0',null
'21','21',null,'2017','march','30000.0','0.0',null
'22','22',null,'2016','june','30000.0','0.0',null
'22','22',null,'2016','july','30000.0','0.0',null
'22','22',null,'2016','august','30000.0','0.0',null
'22','22',null,'2016','september','30000.0','0.0',null
'22','22',null,'2016','october','30000.0','0.0',null
'22','22',null,'2016','november','30000.0','0.0',null
'22','22',null,'2016','october','30000.0','0.0',null
'22','22',null,'2016','november','30000.0','0.0',null
'22','22',null,'2016','december','30000.0','0.0',null
'22','22',null,'2017','january','30000.0','0.0',null
'22','22',null,'2017','february','30000.0','0.0',null
'22','22',null,'2017','march','30000.0','0.0',null
'8','7',null,'2017','june','40000.0','0.0',null
'8','7',null,'2017','july','40000.0','0.0',null
'8','7',null,'2017','august','40000.0','0.0',null
'8','7',null,'2017','september','40000.0','0.0',null
'8','7',null,'2017','october','40000.0','0.0',null
'8','7',null,'2017','november','40000.0','0.0',null
'8','7',null,'2017','october','40000.0','0.0',null
'8','7',null,'2017','november','40000.0','0.0',null
'8','7',null,'2017','december','40000.0','0.0',null
'8','7',null,'2018','january','40000.0','0.0',null
'8','7',null,'2018','february','40000.0','0.0',null
'8','7',null,'2018','march','40000.0','0.0',null
'13','12',null,'2017','june','120000.0','0.0',null
'13','12',null,'2017','july','30000.0','0.0',null
'13','12',null,'2017','august','30000.0','0.0',null
'13','12',null,'2017','september','30000.0','0.0',null
'13','12',null,'2017','october','30000.0','0.0',null
'13','12',null,'2017','november','30000.0','0.0',null
'13','12',null,'2017','october','30000.0','0.0',null
'13','12',null,'2017','november','30000.0','0.0',null
'13','12',null,'2017','december','30000.0','0.0',null
'13','12',null,'2018','january','30000.0','0.0',null
'13','12',null,'2018','february','30000.0','0.0',null
'22','32',null,'2017','june','30000.0','0.0',null
'22','32',null,'2017','july','30000.0','0.0',null
'22','32',null,'2017','august','30000.0','0.0',null
'22','32',null,'2017','september','30000.0','0.0',null
'22','32',null,'2017','october','30000.0','0.0',null
'22','32',null,'2017','november','30000.0','0.0',null
'22','32',null,'2017','october','30000.0','0.0',null
'22','32',null,'2017','november','30000.0','0.0',null
'22','32',null,'2017','december','30000.0','0.0',null
'22','32',null,'2018','january','30000.0','0.0',null
'22','32',null,'2018','february','30000.0','0.0',null
'22','32',null,'2018','march','30000.0','0.0',null
'7','36',null,'2017','june','90000.0','0.0',null
'7','36',null,'2017','july','30000.0','0.0',null
'7','36',null,'2017','august','30000.0','0.0',null
'7','36',null,'2017','september','30000.0','0.0',null
'7','36',null,'2017','october','30000.0','0.0',null
'7','36',null,'2017','november','30000.0','0.0',null
'7','36',null,'2017','october','30000.0','0.0',null
'7','36',null,'2017','november','30000.0','0.0',null
'7','36',null,'2017','december','30000.0','0.0',null
'7','36',null,'2018','january','30000.0','0.0',null
'7','36',null,'2018','february','30000.0','0.0',null
'7','36',null,'2018','march','30000.0','0.0',null
'6','34',null,'2017','june','30000.0','0.0',null
'6','34',null,'2017','july','30000.0','0.0',null
'6','34',null,'2017','august','30000.0','0.0',null
'6','34',null,'2017','september','30000.0','0.0',null
'6','34',null,'2017','october','30000.0','0.0',null
'6','34',null,'2017','november','30000.0','0.0',null
'6','34',null,'2017','october','30000.0','0.0',null
'6','34',null,'2017','november','30000.0','0.0',null
'6','34',null,'2017','december','30000.0','0.0',null
'6','34',null,'2018','january','30000.0','0.0',null
'6','34',null,'2018','february','30000.0','0.0',null
'6','34',null,'2018','march','30000.0','0.0',null
'23','13',null,'2017','june','30000.0','0.0',null
'23','13',null,'2017','july','30000.0','0.0',null
'23','13',null,'2017','august','30000.0','0.0',null
'23','13',null,'2017','september','30000.0','0.0',null
'23','13',null,'2017','october','30000.0','0.0',null
'23','13',null,'2017','november','30000.0','0.0',null
'23','13',null,'2017','october','30000.0','0.0',null
'23','13',null,'2017','november','30000.0','0.0',null
'23','13',null,'2017','december','30000.0','0.0',null
'23','13',null,'2018','january','30000.0','0.0',null
'23','13',null,'2018','february','30000.0','0.0',null
'23','13',null,'2018','march','30000.0','0.0',null
'2','25',null,'2017','june','50000.0','0.0',null
'2','25',null,'2017','july','50000.0','0.0',null
'2','25',null,'2017','august','50000.0','0.0',null
'2','25',null,'2017','september','50000.0','0.0',null
'2','25',null,'2017','october','50000.0','0.0',null
'2','25',null,'2017','november','50000.0','0.0',null
'2','25',null,'2017','october','50000.0','0.0',null
'2','25',null,'2017','november','50000.0','0.0',null
'2','25',null,'2017','december','50000.0','0.0',null
'2','25',null,'2018','january','50000.0','0.0',null
'2','25',null,'2018','february','50000.0','0.0',null
'3','38',null,'2017','june','30000.0','0.0',null
'3','38',null,'2017','july','30000.0','0.0',null
'3','38',null,'2017','august','30000.0','0.0',null
'3','38',null,'2017','september','30000.0','0.0',null
'3','38',null,'2017','october','30000.0','0.0',null
'3','38',null,'2017','november','30000.0','0.0',null
'3','38',null,'2017','october','30000.0','0.0',null
'3','38',null,'2017','november','30000.0','0.0',null
'3','38',null,'2017','december','30000.0','0.0',null
'3','38',null,'2018','january','30000.0','0.0',null
'3','38',null,'2018','february','30000.0','0.0',null
'3','38',null,'2018','march','30000.0','0.0',null
'21','26',null,'2017','june','60000.0','0.0',null
'21','26',null,'2017','july','30000.0','0.0',null
'21','26',null,'2017','august','30000.0','0.0',null
'21','26',null,'2017','september','30000.0','0.0',null
'21','26',null,'2017','october','30000.0','0.0',null
'21','26',null,'2017','november','30000.0','0.0',null
'21','26',null,'2017','october','30000.0','0.0',null
'21','26',null,'2017','november','30000.0','0.0',null
'21','26',null,'2017','december','30000.0','0.0',null
'21','26',null,'2018','january','30000.0','0.0',null
'21','26',null,'2018','february','30000.0','0.0',null
'21','26',null,'2018','march','30000.0','0.0',null
'9','8',null,'2017','june','30000.0','0.0',null
'9','8',null,'2017','july','30000.0','0.0',null
'9','8',null,'2017','august','30000.0','0.0',null
'9','8',null,'2017','september','30000.0','0.0',null
'9','8',null,'2017','october','30000.0','0.0',null
'9','8',null,'2017','november','30000.0','0.0',null
'9','8',null,'2017','october','30000.0','0.0',null
'9','8',null,'2017','november','30000.0','0.0',null
'9','8',null,'2017','december','30000.0','0.0',null
'9','8',null,'2018','january','30000.0','0.0',null
'9','8',null,'2018','february','30000.0','0.0',null
'24','37',null,'2017','june','30000.0','0.0',null
'24','37',null,'2017','july','30000.0','0.0',null
'24','37',null,'2017','august','30000.0','0.0',null
'24','37',null,'2017','september','30000.0','0.0',null
'24','37',null,'2017','october','30000.0','0.0',null
'24','37',null,'2017','november','30000.0','0.0',null
'24','37',null,'2017','october','30000.0','0.0',null
'24','37',null,'2017','november','30000.0','0.0',null
'24','37',null,'2017','december','30000.0','0.0',null
'24','37',null,'2018','january','30000.0','0.0',null
'24','37',null,'2018','february','30000.0','0.0',null
'25','18',null,'2017','june','30000.0','0.0',null
'25','18',null,'2017','july','30000.0','0.0',null
'25','18',null,'2017','august','30000.0','0.0',null
'25','18',null,'2017','september','30000.0','0.0',null
'25','18',null,'2017','october','30000.0','0.0',null
'25','18',null,'2017','november','30000.0','0.0',null
'25','18',null,'2017','october','30000.0','0.0',null
'25','18',null,'2017','november','30000.0','0.0',null
'25','18',null,'2017','december','30000.0','0.0',null
'25','18',null,'2018','january','30000.0','0.0',null
'25','18',null,'2018','february','30000.0','0.0',null
'10','35',null,'2017','june','30000.0','0.0',null
'10','35',null,'2017','july','30000.0','0.0',null
'10','35',null,'2017','august','30000.0','0.0',null
'10','35',null,'2017','september','30000.0','0.0',null
'10','35',null,'2017','october','30000.0','0.0',null
'10','35',null,'2017','november','30000.0','0.0',null
'10','35',null,'2017','october','30000.0','0.0',null
'10','35',null,'2017','november','30000.0','0.0',null
'10','35',null,'2017','december','30000.0','0.0',null
'10','35',null,'2018','january','30000.0','0.0',null
'10','35',null,'2018','february','30000.0','0.0',null
'10','35',null,'2018','march','30000.0','0.0',null
'26','33',null,'2017','june','30000.0','0.0',null
'26','33',null,'2017','july','30000.0','0.0',null
'26','33',null,'2017','august','30000.0','0.0',null
'26','33',null,'2017','september','30000.0','0.0',null
'26','33',null,'2017','october','30000.0','0.0',null
'26','33',null,'2017','november','30000.0','0.0',null
'26','33',null,'2017','october','30000.0','0.0',null
'26','33',null,'2017','november','30000.0','0.0',null
'26','33',null,'2017','december','30000.0','0.0',null
'26','33',null,'2018','january','30000.0','0.0',null
'26','33',null,'2018','february','30000.0','0.0',null
'26','33',null,'2018','march','30000.0','0.0',null
'27','30',null,'2017','june','30000.0','0.0',null
'27','30',null,'2017','july','30000.0','0.0',null
'27','30',null,'2017','august','30000.0','0.0',null
'27','30',null,'2017','september','30000.0','0.0',null
'27','30',null,'2017','october','30000.0','0.0',null
'27','30',null,'2017','november','30000.0','0.0',null
'27','30',null,'2017','october','30000.0','0.0',null
'27','30',null,'2017','november','30000.0','0.0',null
'27','30',null,'2017','december','30000.0','0.0',null
'27','30',null,'2018','january','35000.0','0.0',null
'27','30',null,'2018','february','35000.0','0.0',null
'27','30',null,'2018','march','35000.0','0.0',null
'16','15',null,'2017','june','30000.0','0.0',null
'16','15',null,'2017','july','30000.0','0.0',null
'16','15',null,'2017','august','30000.0','0.0',null
'16','15',null,'2017','september','30000.0','0.0',null
'16','15',null,'2017','october','30000.0','0.0',null
'16','15',null,'2017','november','30000.0','0.0',null
'16','15',null,'2017','october','30000.0','0.0',null
'16','15',null,'2017','november','30000.0','0.0',null
'16','15',null,'2017','december','30000.0','0.0',null
'16','15',null,'2018','january','30000.0','0.0',null
'16','15',null,'2018','february','30000.0','0.0',null
'11','10',null,'2017','june','30000.0','0.0',null
'11','10',null,'2017','july','30000.0','0.0',null
'11','10',null,'2017','august','30000.0','0.0',null
'11','10',null,'2017','september','30000.0','0.0',null
'11','10',null,'2017','october','30000.0','0.0',null
'11','10',null,'2017','november','30000.0','0.0',null
'11','10',null,'2017','october','30000.0','0.0',null
'11','10',null,'2017','november','30000.0','0.0',null
'11','10',null,'2017','december','30000.0','0.0',null
'11','10',null,'2018','january','30000.0','0.0',null
'11','10',null,'2018','february','30000.0','0.0',null
'12','11',null,'2017','june','60000.0','0.0',null
'12','11',null,'2017','july','30000.0','0.0',null
'12','11',null,'2017','august','30000.0','0.0',null
'12','11',null,'2017','september','30000.0','0.0',null
'12','11',null,'2017','october','40000.0','0.0',null
'12','11',null,'2017','november','30000.0','0.0',null
'12','11',null,'2017','october','30000.0','0.0',null
'12','11',null,'2017','november','30000.0','0.0',null
'12','11',null,'2017','december','30000.0','0.0',null
'12','11',null,'2018','january','30000.0','0.0',null
'12','11',null,'2018','february','30000.0','0.0',null
'28','23',null,'2017','june','30000.0','0.0',null
'28','23',null,'2017','july','30000.0','0.0',null
'28','23',null,'2017','august','30000.0','0.0',null
'28','23',null,'2017','september','30000.0','0.0',null
'28','23',null,'2017','october','30000.0','0.0',null
'28','23',null,'2017','november','30000.0','0.0',null
'28','23',null,'2017','october','30000.0','0.0',null
'28','23',null,'2017','november','30000.0','0.0',null
'28','23',null,'2017','december','30000.0','0.0',null
'28','23',null,'2018','january','50000.0','0.0',null
'28','23',null,'2018','february','50000.0','0.0',null
'28','23',null,'2018','march','50000.0','0.0',null
'29','16',null,'2017','june','40000.0','0.0',null
'29','16',null,'2017','july','30000.0','0.0',null
'29','16',null,'2017','august','30000.0','0.0',null
'29','16',null,'2017','september','30000.0','0.0',null
'29','16',null,'2017','october','30000.0','0.0',null
'29','16',null,'2017','november','30000.0','0.0',null
'29','16',null,'2017','october','30000.0','0.0',null
'29','16',null,'2017','november','30000.0','0.0',null
'29','16',null,'2017','december','30000.0','0.0',null
'29','16',null,'2018','january','30000.0','0.0',null
'29','16',null,'2018','february','30000.0','0.0',null
'4','31',null,'2017','june','30000.0','0.0',null
'4','31',null,'2017','july','30000.0','0.0',null
'4','31',null,'2017','august','30000.0','0.0',null
'4','31',null,'2017','september','30000.0','0.0',null
'4','31',null,'2017','october','30000.0','0.0',null
'4','31',null,'2017','november','30000.0','0.0',null
'4','31',null,'2017','october','30000.0','0.0',null
'4','31',null,'2017','november','30000.0','0.0',null
'4','31',null,'2017','december','30000.0','0.0',null
'4','31',null,'2018','january','30000.0','0.0',null
'4','31',null,'2018','february','30000.0','0.0',null
'4','31',null,'2018','march','30000.0','0.0',null
'30','29',null,'2017','june','30000.0','0.0',null
'30','29',null,'2017','july','30000.0','0.0',null
'30','29',null,'2017','august','30000.0','0.0',null
'30','29',null,'2017','september','30000.0','0.0',null
'30','29',null,'2017','october','30000.0','0.0',null
'30','29',null,'2017','november','30000.0','0.0',null
'30','29',null,'2017','october','30000.0','0.0',null
'30','29',null,'2017','november','30000.0','0.0',null
'30','29',null,'2017','december','30000.0','0.0',null
'30','29',null,'2018','january','30000.0','0.0',null
'30','29',null,'2018','february','30000.0','0.0',null
'30','29',null,'2018','march','30000.0','0.0',null
'70','27',null,'2017','june','30000.0','0.0',null
'70','27',null,'2017','july','30000.0','0.0',null
'70','27',null,'2017','august','30000.0','0.0',null
'70','27',null,'2017','september','30000.0','0.0',null
'70','27',null,'2017','october','30000.0','0.0',null
'70','27',null,'2017','november','30000.0','0.0',null
'70','27',null,'2017','october','30000.0','0.0',null
'70','27',null,'2017','november','30000.0','0.0',null
'70','27',null,'2017','december','30000.0','0.0',null
'70','27',null,'2018','january','30000.0','0.0',null
'70','27',null,'2018','february','30000.0','0.0',null
'18','28',null,'2017','june','30000.0','0.0',null
'18','28',null,'2017','july','30000.0','0.0',null
'18','28',null,'2017','august','30000.0','0.0',null
'18','28',null,'2017','september','30000.0','0.0',null
'18','28',null,'2017','october','30000.0','0.0',null
'18','28',null,'2017','november','30000.0','0.0',null
'18','28',null,'2017','october','30000.0','0.0',null
'18','28',null,'2017','november','30000.0','0.0',null
'18','28',null,'2017','december','30000.0','0.0',null
'18','28',null,'2018','january','30000.0','0.0',null
'18','28',null,'2018','february','30000.0','0.0',null
'31','24',null,'2017','june','30000.0','0.0',null
'31','24',null,'2017','july','30000.0','0.0',null
'31','24',null,'2017','august','30000.0','0.0',null
'31','24',null,'2017','september','30000.0','0.0',null
'31','24',null,'2017','october','30000.0','0.0',null
'31','24',null,'2017','november','30000.0','0.0',null
'31','24',null,'2017','october','30000.0','0.0',null
'31','24',null,'2017','november','30000.0','0.0',null
'31','24',null,'2017','december','30000.0','0.0',null
'31','24',null,'2018','january','30000.0','0.0',null
'31','24',null,'2018','february','30000.0','0.0',null
'31','24',null,'2018','march','30000.0','0.0',null
'8','13',null,'2018','june','30000.0','0.0',null
'8','13',null,'2018','july','30000.0','0.0',null
'8','13',null,'2018','august','30000.0','0.0',null
'8','13',null,'2018','september','30000.0','0.0',null
'8','13',null,'2018','october','30000.0','0.0',null
'8','13',null,'2018','november','30000.0','0.0',null
'8','13',null,'2018','october','30000.0','0.0',null
'8','13',null,'2018','november','30000.0','0.0',null
'8','13',null,'2018','december','30000.0','0.0',null
'8','13',null,'2019','january','30000.0','0.0',null
'8','13',null,'2019','february','30000.0','0.0',null
'13','12',null,'2018','june','30000.0','0.0',null
'13','12',null,'2018','july','30000.0','0.0',null
'13','12',null,'2018','august','30000.0','0.0',null
'13','12',null,'2018','september','30000.0','0.0',null
'13','12',null,'2018','october','30000.0','0.0',null
'13','12',null,'2018','november','30000.0','0.0',null
'13','12',null,'2018','october','30000.0','0.0',null
'13','12',null,'2018','november','30000.0','0.0',null
'13','12',null,'2018','december','30000.0','0.0',null
'13','12',null,'2019','january','30000.0','0.0',null
'13','12',null,'2019','february','30000.0','0.0',null
'5','27',null,'2018','june','30000.0','0.0',null
'5','27',null,'2018','july','30000.0','0.0',null
'5','27',null,'2018','august','30000.0','0.0',null
'5','27',null,'2018','september','30000.0','0.0',null
'5','27',null,'2018','october','30000.0','0.0',null
'5','27',null,'2018','november','30000.0','0.0',null
'5','27',null,'2018','october','30000.0','0.0',null
'5','27',null,'2018','november','30000.0','0.0',null
'5','27',null,'2018','december','30000.0','0.0',null
'5','27',null,'2019','january','30000.0','0.0',null
'5','27',null,'2019','february','30000.0','0.0',null
'5','27',null,'2019','march','30000.0','0.0',null
'7','28',null,'2018','june','30000.0','0.0',null
'7','28',null,'2018','july','30000.0','0.0',null
'7','28',null,'2018','august','30000.0','0.0',null
'7','28',null,'2018','september','30000.0','0.0',null
'7','28',null,'2018','october','30000.0','0.0',null
'7','28',null,'2018','november','30000.0','0.0',null
'7','28',null,'2018','october','30000.0','0.0',null
'7','28',null,'2018','november','30000.0','0.0',null
'7','28',null,'2018','december','30000.0','0.0',null
'7','28',null,'2019','january','30000.0','0.0',null
'7','28',null,'2019','february','30000.0','0.0',null
'7','28',null,'2019','march','30000.0','0.0',null
'4','39',null,'2018','june','30000.0','0.0',null
'4','39',null,'2018','july','30000.0','0.0',null
'4','39',null,'2018','august','30000.0','0.0',null
'4','39',null,'2018','september','30000.0','0.0',null
'4','39',null,'2018','october','30000.0','0.0',null
'4','39',null,'2018','november','30000.0','0.0',null
'4','39',null,'2018','october','30000.0','0.0',null
'4','39',null,'2018','november','30000.0','0.0',null
'4','39',null,'2018','december','30000.0','0.0',null
'4','39',null,'2019','january','30000.0','0.0',null
'4','39',null,'2019','february','30000.0','0.0',null
'2','25',null,'2018','june','50000.0','0.0',null
'2','25',null,'2018','july','50000.0','0.0',null
'2','25',null,'2018','august','50000.0','0.0',null
'2','25',null,'2018','september','50000.0','0.0',null
'2','25',null,'2018','october','50000.0','0.0',null
'2','25',null,'2018','november','50000.0','0.0',null
'2','25',null,'2018','october','50000.0','0.0',null
'2','25',null,'2018','november','50000.0','0.0',null
'2','25',null,'2018','december','50000.0','0.0',null
'2','25',null,'2019','january','50000.0','0.0',null
'2','25',null,'2019','february','50000.0','0.0',null
'2','25',null,'2019','march','50000.0','0.0',null
'21','40',null,'2018','june','30000.0','0.0',null
'21','40',null,'2018','july','30000.0','0.0',null
'21','40',null,'2018','august','30000.0','0.0',null
'21','40',null,'2018','september','30000.0','0.0',null
'21','40',null,'2018','october','30000.0','0.0',null
'21','40',null,'2018','november','30000.0','0.0',null
'21','40',null,'2018','october','30000.0','0.0',null
'21','40',null,'2018','november','30000.0','0.0',null
'21','40',null,'2018','december','30000.0','0.0',null
'21','40',null,'2019','january','30000.0','0.0',null
'21','40',null,'2019','february','30000.0','0.0',null
'21','40',null,'2019','march','30000.0','0.0',null
'9','8',null,'2018','june','50000.0','0.0',null
'9','8',null,'2018','july','30000.0','0.0',null
'9','8',null,'2018','august','30000.0','0.0',null
'9','8',null,'2018','september','30000.0','0.0',null
'9','8',null,'2018','october','30000.0','0.0',null
'9','8',null,'2018','november','30000.0','0.0',null
'9','8',null,'2018','october','30000.0','0.0',null
'9','8',null,'2018','november','30000.0','0.0',null
'9','8',null,'2018','december','30000.0','0.0',null
'9','8',null,'2019','january','30000.0','0.0',null
'9','8',null,'2019','february','30000.0','0.0',null
'24','37',null,'2018','june','30000.0','0.0',null
'24','37',null,'2018','july','30000.0','0.0',null
'24','37',null,'2018','august','30000.0','0.0',null
'24','37',null,'2018','september','30000.0','0.0',null
'24','37',null,'2018','october','30000.0','0.0',null
'24','37',null,'2018','november','30000.0','0.0',null
'24','37',null,'2018','october','30000.0','0.0',null
'24','37',null,'2018','november','30000.0','0.0',null
'24','37',null,'2018','december','30000.0','0.0',null
'24','37',null,'2019','january','30000.0','0.0',null
'24','37',null,'2019','february','30000.0','0.0',null
'24','37',null,'2019','march','30000.0','0.0',null
'25','18',null,'2018','june','30000.0','0.0',null
'25','18',null,'2018','july','30000.0','0.0',null
'25','18',null,'2018','august','30000.0','0.0',null
'25','18',null,'2018','september','30000.0','0.0',null
'25','18',null,'2018','october','30000.0','0.0',null
'25','18',null,'2018','november','30000.0','0.0',null
'25','18',null,'2018','october','30000.0','0.0',null
'25','18',null,'2018','november','30000.0','0.0',null
'25','18',null,'2018','december','30000.0','0.0',null
'25','18',null,'2019','january','30000.0','0.0',null
'25','18',null,'2019','february','30000.0','0.0',null
'10','41',null,'2018','june','30000.0','0.0',null
'10','41',null,'2018','july','30000.0','0.0',null
'10','41',null,'2018','august','30000.0','0.0',null
'10','41',null,'2018','september','30000.0','0.0',null
'10','41',null,'2018','october','30000.0','0.0',null
'10','41',null,'2018','november','30000.0','0.0',null
'10','41',null,'2018','october','30000.0','0.0',null
'10','41',null,'2018','november','30000.0','0.0',null
'10','41',null,'2018','december','30000.0','0.0',null
'10','41',null,'2019','january','30000.0','0.0',null
'10','41',null,'2019','february','30000.0','0.0',null
'32','42',null,'2018','june','30000.0','0.0',null
'32','42',null,'2018','july','30000.0','0.0',null
'32','42',null,'2018','august','30000.0','0.0',null
'32','42',null,'2018','september','30000.0','0.0',null
'32','42',null,'2018','october','30000.0','0.0',null
'32','42',null,'2018','november','30000.0','0.0',null
'32','42',null,'2018','october','30000.0','0.0',null
'32','42',null,'2018','november','30000.0','0.0',null
'32','42',null,'2018','december','30000.0','0.0',null
'32','42',null,'2019','january','30000.0','0.0',null
'32','42',null,'2019','february','30000.0','0.0',null
'27','43',null,'2018','june','30000.0','0.0',null
'27','43',null,'2018','july','30000.0','0.0',null
'27','43',null,'2018','august','30000.0','0.0',null
'27','43',null,'2018','september','30000.0','0.0',null
'27','43',null,'2018','october','30000.0','0.0',null
'27','43',null,'2018','november','30000.0','0.0',null
'27','43',null,'2018','october','30000.0','0.0',null
'27','43',null,'2018','november','30000.0','0.0',null
'27','43',null,'2018','december','30000.0','0.0',null
'27','43',null,'2019','january','30000.0','0.0',null
'27','43',null,'2019','february','30000.0','0.0',null
'16','15',null,'2018','june','30000.0','0.0',null
'16','15',null,'2018','july','30000.0','0.0',null
'16','15',null,'2018','august','30000.0','0.0',null
'16','15',null,'2018','september','30000.0','0.0',null
'16','15',null,'2018','october','30000.0','0.0',null
'16','15',null,'2018','november','40000.0','0.0',null
'16','15',null,'2018','october','30000.0','0.0',null
'16','15',null,'2018','november','30000.0','0.0',null
'16','15',null,'2018','december','30000.0','0.0',null
'16','15',null,'2019','january','30000.0','0.0',null
'16','15',null,'2019','february','30000.0','0.0',null
'11','10',null,'2018','june','30000.0','0.0',null
'11','10',null,'2018','july','30000.0','0.0',null
'11','10',null,'2018','august','30000.0','0.0',null
'11','10',null,'2018','september','30000.0','0.0',null
'11','10',null,'2018','october','30000.0','0.0',null
'11','10',null,'2018','november','30000.0','0.0',null
'11','10',null,'2018','october','30000.0','0.0',null
'11','10',null,'2018','november','30000.0','0.0',null
'11','10',null,'2018','december','30000.0','0.0',null
'11','10',null,'2019','january','30000.0','0.0',null
'11','10',null,'2019','february','30000.0','0.0',null
'11','10',null,'2019','march','30000.0','0.0',null
'29','16',null,'2018','june','30000.0','0.0',null
'29','16',null,'2018','july','30000.0','0.0',null
'29','16',null,'2018','august','30000.0','0.0',null
'29','16',null,'2018','september','30000.0','0.0',null
'29','16',null,'2018','october','30000.0','0.0',null
'29','16',null,'2018','november','30000.0','0.0',null
'29','16',null,'2018','october','30000.0','0.0',null
'29','16',null,'2018','november','30000.0','0.0',null
'29','16',null,'2018','december','35000.0','0.0',null
'29','16',null,'2019','january','35000.0','0.0',null
'29','16',null,'2019','february','45000.0','0.0',null
'29','16',null,'2019','march','45000.0','0.0',null
'31','44',null,'2018','june','30000.0','0.0',null
'31','44',null,'2018','july','30000.0','0.0',null
'31','44',null,'2018','august','30000.0','0.0',null
'31','44',null,'2018','september','30000.0','0.0',null
'31','44',null,'2018','october','30000.0','0.0',null
'31','44',null,'2018','november','30000.0','0.0',null
'31','44',null,'2018','october','30000.0','0.0',null
'31','44',null,'2018','november','30000.0','0.0',null
'31','44',null,'2018','december','30000.0','0.0',null
'31','44',null,'2019','january','30000.0','0.0',null
'31','44',null,'2019','february','30000.0','0.0',null
'12','45',null,'2018','june','30000.0','0.0',null
'12','45',null,'2018','july','30000.0','0.0',null
'12','45',null,'2018','august','30000.0','0.0',null
'12','45',null,'2018','september','30000.0','0.0',null
'12','45',null,'2018','october','30000.0','0.0',null
'12','45',null,'2018','november','30000.0','0.0',null
'12','45',null,'2018','october','30000.0','0.0',null
'12','45',null,'2018','november','30000.0','0.0',null
'12','45',null,'2018','december','30000.0','0.0',null
'12','45',null,'2019','january','30000.0','0.0',null
'12','45',null,'2019','february','30000.0','0.0',null
'12','45',null,'2019','march','30000.0','0.0',null
'33','46',null,'2018','june','30000.0','0.0',null
'33','46',null,'2018','july','30000.0','0.0',null
'33','46',null,'2018','august','30000.0','0.0',null
'33','46',null,'2018','september','30000.0','0.0',null
'33','46',null,'2018','october','30000.0','0.0',null
'33','46',null,'2018','november','30000.0','0.0',null
'33','46',null,'2018','october','30000.0','0.0',null
'33','46',null,'2018','november','30000.0','0.0',null
'33','46',null,'2018','december','30000.0','0.0',null
'33','46',null,'2019','january','30000.0','0.0',null
'33','46',null,'2019','february','30000.0','0.0',null
'6','47',null,'2018','june','30000.0','0.0',null
'6','47',null,'2018','july','30000.0','0.0',null
'6','47',null,'2018','august','30000.0','0.0',null
'6','47',null,'2018','september','30000.0','0.0',null
'6','47',null,'2018','october','30000.0','0.0',null
'6','47',null,'2018','november','30000.0','0.0',null
'6','47',null,'2018','october','30000.0','0.0',null
'6','47',null,'2018','november','30000.0','0.0',null
'6','47',null,'2018','december','30000.0','0.0',null
'6','47',null,'2019','january','30000.0','0.0',null
'6','47',null,'2019','february','30000.0','0.0',null
'6','47',null,'2019','march','30000.0','0.0',null
'34','48',null,'2018','june','30000.0','0.0',null
'34','48',null,'2018','july','30000.0','0.0',null
'34','48',null,'2018','august','30000.0','0.0',null
'34','48',null,'2018','september','30000.0','0.0',null
'34','48',null,'2018','october','30000.0','0.0',null
'34','48',null,'2018','november','30000.0','0.0',null
'34','48',null,'2018','october','30000.0','0.0',null
'34','48',null,'2018','november','30000.0','0.0',null
'34','48',null,'2018','december','30000.0','0.0',null
'34','48',null,'2019','january','30000.0','0.0',null
'34','48',null,'2019','february','30000.0','0.0',null
'34','48',null,'2019','march','30000.0','0.0',null
'35','49',null,'2018','august','30000.0','0.0',null
'35','49',null,'2018','september','30000.0','0.0',null
'35','49',null,'2018','october','30000.0','0.0',null
'35','49',null,'2018','november','30000.0','0.0',null
'35','49',null,'2018','october','30000.0','0.0',null
'35','49',null,'2018','november','30000.0','0.0',null
'35','49',null,'2018','december','30000.0','0.0',null
'35','49',null,'2019','january','30000.0','0.0',null
'35','49',null,'2019','february','30000.0','0.0',null
'35','49',null,'2019','march','30000.0','0.0',null
'36','50',null,'2018','august','30000.0','0.0',null
'36','50',null,'2018','september','30000.0','0.0',null
'36','50',null,'2018','october','30000.0','0.0',null
'36','50',null,'2018','november','30000.0','0.0',null
'36','50',null,'2018','october','30000.0','0.0',null
'36','50',null,'2018','november','30000.0','0.0',null
'36','50',null,'2018','december','30000.0','0.0',null
'36','50',null,'2019','january','30000.0','0.0',null
'36','50',null,'2019','february','30000.0','0.0',null
'8','13',null,'2019','june','35000.0','0.0',null
'8','13',null,'2019','july','35000.0','0.0',null
'8','13',null,'2019','august','35000.0','0.0',null
'8','13',null,'2019','september','35000.0','0.0',null
'8','13',null,'2019','october','35000.0','0.0',null
'8','13',null,'2019','november','35000.0','0.0',null
'8','13',null,'2019','october','35000.0','0.0',null
'8','13',null,'2019','november','35000.0','0.0',null
'8','13',null,'2019','december','35000.0','0.0',null
'8','13',null,'2020','january','35000.0','0.0',null
'8','13',null,'2020','february','35000.0','0.0',null
'13','12',null,'2019','june','50000.0','0.0',null
'13','12',null,'2019','july','50000.0','0.0',null
'13','12',null,'2019','august','50000.0','0.0',null
'13','12',null,'2019','september','50000.0','0.0',null
'13','12',null,'2019','october','50000.0','0.0',null
'13','12',null,'2019','november','50000.0','0.0',null
'13','12',null,'2019','october','50000.0','0.0',null
'13','12',null,'2019','nov ember','50000.0','0.0',null
'13','12',null,'2019','december','50000.0','0.0',null
'13','12',null,'2020','january','50000.0','0.0',null
'13','12',null,'2020','february','50000.0','0.0',null
'13','12',null,'2020','march','50000.0','0.0',null
'5','41',null,'2019','june','35000.0','0.0',null
'5','41',null,'2019','july','35000.0','0.0',null
'5','41',null,'2019','august','35000.0','0.0',null
'5','41',null,'2019','september','35000.0','0.0',null
'5','41',null,'2019','october','35000.0','0.0',null
'5','41',null,'2019','november','35000.0','0.0',null
'5','41',null,'2019','october','35000.0','0.0',null
'5','41',null,'2019','november','35000.0','0.0',null
'5','41',null,'2019','december','35000.0','0.0',null
'5','41',null,'2020','january','35000.0','0.0',null
'5','41',null,'2020','february','35000.0','0.0',null
'5','41',null,'2020','march','35000.0','0.0',null
'7','51',null,'2019','june','35000.0','0.0',null
'7','51',null,'2019','july','35000.0','0.0',null
'7','51',null,'2019','august','35000.0','0.0',null
'7','51',null,'2019','september','35000.0','0.0',null
'7','51',null,'2019','october','35000.0','0.0',null
'7','51',null,'2019','november','35000.0','0.0',null
'7','51',null,'2019','october','35000.0','0.0',null
'7','51',null,'2019','november','35000.0','0.0',null
'7','51',null,'2019','december','35000.0','0.0',null
'7','51',null,'2020','january','35000.0','0.0',null
'7','51',null,'2020','february','35000.0','0.0',null
'4','39',null,'2019','june','35000.0','0.0',null
'4','39',null,'2019','july','35000.0','0.0',null
'4','39',null,'2019','august','35000.0','0.0',null
'4','39',null,'2019','september','35000.0','0.0',null
'4','39',null,'2019','october','35000.0','0.0',null
'4','39',null,'2019','november','35000.0','0.0',null
'4','39',null,'2019','october','35000.0','0.0',null
'4','39',null,'2019','november','35000.0','0.0',null
'4','39',null,'2019','december','35000.0','0.0',null
'4','39',null,'2020','january','35000.0','0.0',null
'4','39',null,'2020','february','35000.0','0.0',null
'4','39',null,'2020','march','35000.0','0.0',null
'2','44',null,'2019','june','35000.0','0.0',null
'2','44',null,'2019','july','35000.0','0.0',null
'2','44',null,'2019','august','35000.0','0.0',null
'2','44',null,'2019','september','35000.0','0.0',null
'2','44',null,'2019','october','35000.0','0.0',null
'2','44',null,'2019','november','35000.0','0.0',null
'2','44',null,'2019','october','35000.0','0.0',null
'2','44',null,'2019','november','35000.0','0.0',null
'2','44',null,'2019','december','35000.0','0.0',null
'2','44',null,'2020','january','35000.0','0.0',null
'2','44',null,'2020','february','35000.0','0.0',null
'21','40',null,'2019','june','35000.0','0.0',null
'21','40',null,'2019','july','35000.0','0.0',null
'21','40',null,'2019','august','35000.0','0.0',null
'21','40',null,'2019','september','35000.0','0.0',null
'21','40',null,'2019','october','35000.0','0.0',null
'21','40',null,'2019','november','35000.0','0.0',null
'21','40',null,'2019','october','35000.0','0.0',null
'21','40',null,'2019','november','35000.0','0.0',null
'21','40',null,'2019','december','35000.0','0.0',null
'21','40',null,'2020','january','35000.0','0.0',null
'21','40',null,'2020','february','35000.0','0.0',null
'21','40',null,'2020','march','35000.0','0.0',null
'9','8',null,'2019','june','35000.0','0.0',null
'9','8',null,'2019','july','35000.0','0.0',null
'9','8',null,'2019','august','35000.0','0.0',null
'9','8',null,'2019','september','35000.0','0.0',null
'9','8',null,'2019','october','35000.0','0.0',null
'9','8',null,'2019','november','35000.0','0.0',null
'9','8',null,'2019','october','35000.0','0.0',null
'9','8',null,'2019','november','35000.0','0.0',null
'9','8',null,'2019','december','35000.0','0.0',null
'9','8',null,'2020','january','35000.0','0.0',null
'9','8',null,'2020','february','35000.0','0.0',null
'9','8',null,'2020','march','60000.0','0.0',null
'25','18',null,'2019','june','35000.0','0.0',null
'25','18',null,'2019','july','35000.0','0.0',null
'25','18',null,'2019','august','35000.0','0.0',null
'25','18',null,'2019','september','35000.0','0.0',null
'25','18',null,'2019','october','35000.0','0.0',null
'25','18',null,'2019','november','35000.0','0.0',null
'25','18',null,'2019','october','35000.0','0.0',null
'25','18',null,'2019','november','35000.0','0.0',null
'25','18',null,'2019','december','35000.0','0.0',null
'25','18',null,'2020','january','35000.0','0.0',null
'25','18',null,'2020','february','35000.0','0.0',null
'32','42',null,'2019','june','35000.0','0.0',null
'32','42',null,'2019','july','35000.0','0.0',null
'32','42',null,'2019','august','35000.0','0.0',null
'32','42',null,'2019','september','35000.0','0.0',null
'32','42',null,'2019','october','35000.0','0.0',null
'32','42',null,'2019','november','35000.0','0.0',null
'32','42',null,'2019','october','35000.0','0.0',null
'32','42',null,'2019','november','35000.0','0.0',null
'32','42',null,'2019','december','35000.0','0.0',null
'32','42',null,'2020','january','35000.0','0.0',null
'32','42',null,'2020','february','35000.0','0.0',null
'32','42',null,'2020','march','35000.0','0.0',null
'27','43',null,'2019','june','35000.0','0.0',null
'27','43',null,'2019','july','35000.0','0.0',null
'27','43',null,'2019','august','35000.0','0.0',null
'27','43',null,'2019','september','35000.0','0.0',null
'27','43',null,'2019','october','35000.0','0.0',null
'27','43',null,'2019','november','35000.0','0.0',null
'27','43',null,'2019','october','35000.0','0.0',null
'27','43',null,'2019','november','35000.0','0.0',null
'27','43',null,'2019','december','35000.0','0.0',null
'27','43',null,'2020','january','35000.0','0.0',null
'27','43',null,'2020','february','35000.0','0.0',null
'16','15',null,'2019','june','35000.0','0.0',null
'16','15',null,'2019','july','35000.0','0.0',null
'16','15',null,'2019','august','35000.0','0.0',null
'16','15',null,'2019','september','35000.0','0.0',null
'16','15',null,'2019','october','35000.0','0.0',null
'16','15',null,'2019','november','35000.0','0.0',null
'16','15',null,'2019','october','35000.0','0.0',null
'16','15',null,'2019','november','35000.0','0.0',null
'16','15',null,'2019','december','35000.0','0.0',null
'16','15',null,'2020','january','35000.0','0.0',null
'16','15',null,'2020','february','35000.0','0.0',null
'11','52',null,'2019','june','35000.0','0.0',null
'11','52',null,'2019','july','35000.0','0.0',null
'11','52',null,'2019','august','35000.0','0.0',null
'11','52',null,'2019','september','35000.0','0.0',null
'11','52',null,'2019','october','35000.0','0.0',null
'11','52',null,'2019','november','35000.0','0.0',null
'11','52',null,'2019','october','35000.0','0.0',null
'11','52',null,'2019','november','35000.0','0.0',null
'11','52',null,'2019','december','35000.0','0.0',null
'11','52',null,'2020','january','35000.0','0.0',null
'29','53',null,'2019','june','35000.0','0.0',null
'29','53',null,'2019','july','35000.0','0.0',null
'29','53',null,'2019','august','50000.0','0.0',null
'29','53',null,'2019','september','50000.0','0.0',null
'29','53',null,'2019','october','50000.0','0.0',null
'29','53',null,'2019','november','50000.0','0.0',null
'29','53',null,'2019','october','50000.0','0.0',null
'29','53',null,'2019','november','50000.0','0.0',null
'29','53',null,'2019','december','50000.0','0.0',null
'29','53',null,'2020','january','50000.0','0.0',null
'29','53',null,'2020','february','50000.0','0.0',null
'33','46',null,'2019','june','35000.0','0.0',null
'33','46',null,'2019','july','35000.0','0.0',null
'33','46',null,'2019','august','35000.0','0.0',null
'33','46',null,'2019','september','35000.0','0.0',null
'33','46',null,'2019','october','35000.0','0.0',null
'33','46',null,'2019','november','35000.0','0.0',null
'33','46',null,'2019','october','35000.0','0.0',null
'33','46',null,'2019','november','35000.0','0.0',null
'33','46',null,'2019','december','35000.0','0.0',null
'33','46',null,'2020','january','35000.0','0.0',null
'6','54',null,'2019','june','35000.0','0.0',null
'6','54',null,'2019','july','35000.0','0.0',null
'6','54',null,'2019','august','35000.0','0.0',null
'6','54',null,'2019','september','35000.0','0.0',null
'6','54',null,'2019','october','35000.0','0.0',null
'6','54',null,'2019','november','35000.0','0.0',null
'6','54',null,'2019','october','35000.0','0.0',null
'6','54',null,'2019','november','35000.0','0.0',null
'6','54',null,'2019','december','35000.0','0.0',null
'6','54',null,'2020','january','35000.0','0.0',null
'6','54',null,'2020','february','35000.0','0.0',null
'35','55',null,'2019','june','35000.0','0.0',null
'35','55',null,'2019','july','35000.0','0.0',null
'35','55',null,'2019','august','35000.0','0.0',null
'35','55',null,'2019','september','35000.0','0.0',null
'35','55',null,'2019','october','35000.0','0.0',null
'35','55',null,'2019','november','35000.0','0.0',null
'35','55',null,'2019','october','35000.0','0.0',null
'35','55',null,'2019','november','35000.0','0.0',null
'35','55',null,'2019','december','35000.0','0.0',null
'35','55',null,'2020','january','35000.0','0.0',null
'35','55',null,'2020','february','35000.0','0.0',null
'36','50',null,'2019','june','35000.0','0.0',null
'36','50',null,'2019','july','35000.0','0.0',null
'36','50',null,'2019','august','35000.0','0.0',null
'36','50',null,'2019','september','35000.0','0.0',null
'36','50',null,'2019','october','35000.0','0.0',null
'36','50',null,'2019','november','35000.0','0.0',null
'36','50',null,'2019','october','35000.0','0.0',null
'36','50',null,'2019','november','35000.0','0.0',null
'36','50',null,'2019','december','35000.0','0.0',null
'36','50',null,'2020','january','35000.0','0.0',null
'36','50',null,'2020','february','35000.0','0.0',null
'36','50',null,'2020','march','35000.0','0.0',null
'37','56',null,'2019','june','35000.0','0.0',null
'37','56',null,'2019','july','35000.0','0.0',null
'37','56',null,'2019','august','35000.0','0.0',null
'37','56',null,'2019','september','35000.0','0.0',null
'37','56',null,'2019','october','35000.0','0.0',null
'37','56',null,'2019','november','35000.0','0.0',null
'37','56',null,'2019','october','35000.0','0.0',null
'37','56',null,'2019','november','35000.0','0.0',null
'37','56',null,'2019','december','35000.0','0.0',null
'37','56',null,'2020','january','35000.0','0.0',null
'37','56',null,'2020','february','35000.0','0.0',null
'38','57',null,'2019','june','35000.0','0.0',null
'38','57',null,'2019','july','35000.0','0.0',null
'38','57',null,'2019','august','35000.0','0.0',null
'38','57',null,'2019','september','35000.0','0.0',null
'38','57',null,'2019','october','35000.0','0.0',null
'38','57',null,'2019','november','35000.0','0.0',null
'38','57',null,'2019','october','35000.0','0.0',null
'38','57',null,'2019','november','35000.0','0.0',null
'38','57',null,'2019','december','35000.0','0.0',null
'38','57',null,'2020','january','35000.0','0.0',null
'38','57',null,'2020','february','35000.0','0.0',null
'39','58',null,'2019','june','35000.0','0.0',null
'39','58',null,'2019','july','35000.0','0.0',null
'39','58',null,'2019','august','35000.0','0.0',null
'39','58',null,'2019','september','35000.0','0.0',null
'39','58',null,'2019','october','35000.0','0.0',null
'39','58',null,'2019','november','35000.0','0.0',null
'39','58',null,'2019','october','35000.0','0.0',null
'39','58',null,'2019','november','35000.0','0.0',null
'39','58',null,'2019','december','35000.0','0.0',null
'39','58',null,'2020','january','35000.0','0.0',null
'39','58',null,'2020','february','35000.0','0.0',null
'40','59',null,'2019','june','35000.0','0.0',null
'40','59',null,'2019','july','35000.0','0.0',null
'40','59',null,'2019','august','35000.0','0.0',null
'40','59',null,'2019','september','35000.0','0.0',null
'40','59',null,'2019','october','35000.0','0.0',null
'40','59',null,'2019','november','35000.0','0.0',null
'40','59',null,'2019','october','35000.0','0.0',null
'40','59',null,'2019','november','35000.0','0.0',null
'40','59',null,'2019','december','35000.0','0.0',null
'40','59',null,'2020','january','35000.0','0.0',null
'40','59',null,'2020','february','35000.0','0.0',null
'41','60',null,'2019','june','35000.0','0.0',null
'41','60',null,'2019','july','35000.0','0.0',null
'41','60',null,'2019','august','35000.0','0.0',null
'41','60',null,'2019','september','35000.0','0.0',null
'41','60',null,'2019','october','35000.0','0.0',null
'41','60',null,'2019','november','35000.0','0.0',null
'41','60',null,'2019','october','35000.0','0.0',null
'41','60',null,'2019','november','35000.0','0.0',null
'41','60',null,'2019','december','35000.0','0.0',null
'41','60',null,'2020','january','35000.0','0.0',null
'41','60',null,'2020','february','35000.0','0.0',null
'42','61',null,'2019','june','35000.0','0.0',null
'42','61',null,'2019','july','35000.0','0.0',null
'42','61',null,'2019','august','35000.0','0.0',null
'42','61',null,'2019','september','35000.0','0.0',null
'42','61',null,'2019','october','35000.0','0.0',null
'42','61',null,'2019','november','35000.0','0.0',null
'42','61',null,'2019','october','35000.0','0.0',null
'42','61',null,'2019','november','35000.0','0.0',null
'42','61',null,'2019','december','35000.0','0.0',null
'42','61',null,'2020','january','35000.0','0.0',null
'42','61',null,'2020','february','35000.0','0.0',null
'43','62',null,'2019','june','30000.0','0.0',null
'43','62',null,'2019','july','30000.0','0.0',null
'43','62',null,'2019','august','30000.0','0.0',null
'43','62',null,'2019','september','30000.0','0.0',null
'43','62',null,'2019','october','30000.0','0.0',null
'43','62',null,'2019','november','30000.0','0.0',null
'43','62',null,'2019','october','30000.0','0.0',null
'43','62',null,'2019','november','30000.0','0.0',null
'43','62',null,'2019','december','30000.0','0.0',null
'43','62',null,'2020','january','30000.0','0.0',null
'43','62',null,'2020','february','30000.0','0.0',null
'44','63',null,'2019','june','35000.0','0.0',null
'44','63',null,'2019','july','35000.0','0.0',null
'44','63',null,'2019','august','35000.0','0.0',null
'44','63',null,'2019','september','35000.0','0.0',null
'44','63',null,'2019','october','35000.0','0.0',null
'44','63',null,'2019','november','35000.0','0.0',null
'44','63',null,'2019','october','35000.0','0.0',null
'44','63',null,'2019','november','35000.0','0.0',null
'44','63',null,'2019','december','35000.0','0.0',null
'44','63',null,'2020','january','35000.0','0.0',null
'44','63',null,'2020','february','35000.0','0.0',null
'44','63',null,'2020','march','35000.0','0.0',null
'45','64',null,'2019','june','35000.0','0.0',null
'45','64',null,'2019','july','35000.0','0.0',null
'45','64',null,'2019','august','35000.0','0.0',null
'45','64',null,'2019','september','35000.0','0.0',null
'45','64',null,'2019','october','35000.0','0.0',null
'45','64',null,'2019','november','35000.0','0.0',null
'45','64',null,'2019','october','35000.0','0.0',null
'45','64',null,'2019','november','35000.0','0.0',null
'45','64',null,'2019','december','35000.0','0.0',null
'45','64',null,'2020','january','35000.0','0.0',null
'45','64',null,'2020','february','35000.0','0.0',null
'46','65',null,'2019','june','35000.0','0.0',null
'46','65',null,'2019','july','35000.0','0.0',null
'46','65',null,'2019','august','35000.0','0.0',null
'46','65',null,'2019','september','35000.0','0.0',null
'46','65',null,'2019','october','35000.0','0.0',null
'46','65',null,'2019','november','35000.0','0.0',null
'46','65',null,'2019','october','35000.0','0.0',null
'46','65',null,'2019','november','35000.0','0.0',null
'46','65',null,'2019','december','35000.0','0.0',null
'46','65',null,'2020','january','35000.0','0.0',null
'46','65',null,'2020','february','35000.0','0.0',null
'47','65',null,'2019','july','50000.0','0.0',null
'47','65',null,'2019','august','50000.0','0.0',null
'47','65',null,'2019','september','50000.0','0.0',null
'47','65',null,'2019','october','50000.0','0.0',null
'47','65',null,'2019','november','50000.0','0.0',null
'47','65',null,'2019','october','50000.0','0.0',null
'47','65',null,'2019','november','50000.0','0.0',null
'47','65',null,'2019','december','50000.0','0.0',null
'47','65',null,'2020','january','50000.0','0.0',null
'47','65',null,'2020','february','50000.0','0.0',null
'48','67',null,'2020','september','35000.0','0.0',null
'48','68',null,'2020','july','35000.0','0.0',null
'48','68',null,'2020','august','35000.0','0.0',null
'48','68',null,'2020','september','35000.0','0.0',null
'48','69',null,'2020','july','35000.0','0.0',null
'48','69',null,'2020','august','35000.0','0.0',null
'48','69',null,'2020','september','35000.0','0.0',null
'49','60',null,'2020','july','35000.0','0.0',null
'49','60',null,'2020','august','35000.0','0.0',null
'49','60',null,'2020','september','35000.0','0.0',null
'36','70',null,'2020','july','35000.0','0.0',null
'36','70',null,'2020','august','35000.0','0.0',null
'36','70',null,'2020','september','35000.0','0.0',null
'50','59',null,'2020','july','35000.0','0.0',null
'50','59',null,'2020','august','35000.0','0.0',null
'50','59',null,'2020','september','35000.0','0.0',null
'51','71',null,'2020','september','35000.0','0.0',null
'6','54',null,'2020','july','35000.0','0.0',null
'6','54',null,'2020','august','35000.0','0.0',null
'6','54',null,'2020','september','35000.0','0.0',null
'21','72',null,'2020','september','35000.0','0.0',null
'52','73',null,'2020','september','60000.0','0.0',null
'29','53',null,'2020','july','50000.0','0.0',null
'29','53',null,'2020','august','50000.0','0.0',null
'29','53',null,'2020','september','50000.0','0.0',null
'33','46',null,'2020','july','35000.0','0.0',null
'33','46',null,'2020','august','35000.0','0.0',null
'33','46',null,'2020','september','35000.0','0.0',null
'8','13',null,'2020','july','35000.0','0.0',null
'8','13',null,'2020','august','35000.0','0.0',null
'8','13',null,'2020','september','35000.0','0.0',null
'8','13',null,'2020','october','35000.0','0.0',null
'8','13',null,'2020','november','35000.0','0.0',null
'7','51',null,'2020','july','35000.0','0.0',null
'7','51',null,'2020','august','35000.0','0.0',null
'7','51',null,'2020','september','35000.0','0.0',null
'53','74',null,'2020','september','35000.0','0.0',null
'2','44',null,'2020','july','35000.0','0.0',null
'2','44',null,'2020','august','35000.0','0.0',null
'2','44',null,'2020','september','35000.0','0.0',null
'2','44',null,'2020','october','35000.0','0.0',null
'2','44',null,'2020','november','35000.0','0.0',null
'2','44',null,'2020','december','35000.0','0.0',null
'2','44',null,'2021','january','35000.0','0.0',null
'2','44',null,'2021','february','35000.0','0.0',null
'2','44',null,'2021','march','35000.0','0.0',null
'27','43',null,'2020','july','35000.0','0.0',null
'27','43',null,'2020','august','35000.0','0.0',null
'27','43',null,'2020','september','35000.0','0.0',null
'4','95',null,'2020','july','45000.0','0.0',null
'4','95',null,'2020','august','35000.0','0.0',null
'4','95',null,'2020','september','35000.0','0.0',null
'4','95',null,'2020','october','35000.0','0.0',null
'4','95',null,'2020','november','35000.0','0.0',null
'38','57',null,'2020','july','35000.0','0.0',null
'38','57',null,'2020','august','35000.0','0.0',null
'38','57',null,'2020','september','35000.0','0.0',null
'39','75',null,'2020','july','35000.0','0.0',null
'39','75',null,'2020','august','35000.0','0.0',null
'39','75',null,'2020','september','35000.0','0.0',null
'54','58',null,'2020','july','35000.0','0.0',null
'54','58',null,'2020','august','35000.0','0.0',null
'54','58',null,'2020','september','35000.0','0.0',null
'42','61',null,'2020','september','35000.0','0.0',null
'42','61',null,'2020','july','35000.0','0.0',null
'42','61',null,'2020','august','35000.0','0.0',null
'9','18',null,'2020','september','35000.0','0.0',null
'35','55',null,'2020','july','35000.0','0.0',null
'35','55',null,'2020','august','35000.0','0.0',null
'35','55',null,'2020','september','35000.0','0.0',null
'35','55',null,'2020','october','35000.0','0.0',null
'35','55',null,'2020','november','35000.0','0.0',null
'35','55',null,'2020','december','35000.0','0.0',null
'35','55',null,'2021','january','35000.0','0.0',null
'35','55',null,'2021','february','35000.0','0.0',null
'35','55',null,'2021','march','35000.0','0.0',null
'47','66',null,'2020','september','35000.0','0.0',null
'5','76',null,'2020','july','35000.0','0.0',null
'5','76',null,'2020','august','35000.0','0.0',null
'5','76',null,'2020','september','35000.0','0.0',null
'32','77',null,'2020','september','35000.0','0.0',null
'55','65',null,'2020','september','35000.0','0.0',null
'44','78',null,'2020','september','35000.0','0.0',null
'37','56',null,'2020','july','35000.0','0.0',null
'37','56',null,'2020','august','35000.0','0.0',null
'37','56',null,'2020','september','35000.0','0.0',null
'45','79',null,'2020','september','35000.0','0.0',null
'43','62',null,'2020','july','35000.0','0.0',null
'43','62',null,'2020','august','35000.0','0.0',null
'43','62',null,'2020','september','35000.0','0.0',null
'16','15',null,'2020','july','50000.0','0.0',null
'16','15',null,'2020','august','35000.0','0.0',null
'16','15',null,'2020','september','35000.0','0.0',null
'11','52',null,'2020','july','35000.0','0.0',null
'11','52',null,'2020','august','35000.0','0.0',null
'11','52',null,'2020','september','35000.0','0.0',null
'11','52',null,'2020','october','35000.0','0.0',null
'11','52',null,'2020','november','35000.0','0.0',null
'11','52',null,'2020','december','35000.0','0.0',null
'11','52',null,'2021','january','35000.0','0.0',null
'11','52',null,'2021','february','35000.0','0.0',null
'11','52',null,'2021','march','35000.0','0.0',null
'56','80',null,'2020','july','35000.0','0.0',null
'56','80',null,'2020','august','35000.0','0.0',null
'56','80',null,'2020','september','35000.0','0.0',null
'56','80',null,'2020','october','35000.0','0.0',null
'56','80',null,'2020','november','35000.0','0.0',null
'56','80',null,'2020','december','35000.0','0.0',null
'56','80',null,'2021','january','35000.0','0.0',null
'56','80',null,'2021','february','35000.0','0.0',null
'56','80',null,'2021','march','35000.0','0.0',null
'56','80',null,'2021','april','35000.0','0.0',null
'56','80',null,'2021','may','35000.0','0.0',null
'57','81',null,'2020','september','35000.0','0.0',null
'70','82',null,'2020','september','35000.0','0.0',null
'58','83',null,'2020','july','35000.0','0.0',null
'58','83',null,'2020','august','35000.0','0.0',null
'58','83',null,'2020','september','35000.0','0.0',null
'59','84',null,'2020','july','35000.0','0.0',null
'59','84',null,'2020','august','35000.0','0.0',null
'59','84',null,'2020','september','35000.0','0.0',null
'59','84',null,'2020','october','35000.0','0.0',null
'59','84',null,'2020','november','35000.0','0.0',null
'59','84',null,'2020','december','35000.0','0.0',null
'59','84',null,'2021','january','35000.0','0.0',null
'59','84',null,'2021','february','35000.0','0.0',null
'59','84',null,'2021','march','35000.0','0.0',null
'60','85',null,'2020','september','45000.0','0.0',null
'61','86',null,'2020','september','35000.0','0.0',null
'62','87',null,'2020','july','35000.0','0.0',null
'62','87',null,'2020','august','35000.0','0.0',null
'62','87',null,'2020','september','35000.0','0.0',null
'63','88',null,'2020','september','35000.0','0.0',null
'64','89',null,'2020','september','35000.0','0.0',null
'65','90',null,'2020','september','70000.0','0.0',null
'13','12',null,'2020','september','50000.0','0.0',null
'66','91',null,'2020','september','35000.0','0.0',null
'66','91',null,'2020','october','35000.0','0.0',null
'66','91',null,'2020','november','35000.0','0.0',null
'67','92',null,'2020','september','35000.0','0.0',null
'68','94',null,'2020','september','35000.0','0.0',null
'69','95',null,'2020','september','35000.0','0.0',null

